Structures,Optimized with dmol3,crystal,PE (%TNT),PUBCHEM_COMPOUND_CID,pubchem cid,Marked structure (Mark Structures),Fragments found (Mark Structures),N : ESP charge (VAMP Electrostatics),O1 : ESP charge (VAMP Electrostatics),O2 : ESP charge (VAMP Electrostatics),N : Coulson charge (VAMP Electrostatics),O1 : Coulson charge (VAMP Electrostatics),O2 : Coulson charge (VAMP Electrostatics),N : Mulliken charge (VAMP Electrostatics),O1 : Mulliken charge (VAMP Electrostatics),O2 : Mulliken charge (VAMP Electrostatics),Structure (VAMP Electrostatics),Total energy (VAMP Electrostatics),Electronic energy (VAMP Electrostatics),Heat of formation (VAMP Electrostatics),HOMO eigenvalue (VAMP Electrostatics),LUMO eigenvalue (VAMP Electrostatics),Molecular surface area (VAMP Electrostatics),Total dipole (VAMP Electrostatics),Dipole x (VAMP Electrostatics),Dipole y (VAMP Electrostatics),Dipole z (VAMP Electrostatics),Quadrupole xx (VAMP Electrostatics),Quadrupole xy (VAMP Electrostatics),Quadrupole yy (VAMP Electrostatics),Quadrupole xz (VAMP Electrostatics),Quadrupole yz (VAMP Electrostatics),Quadrupole zz (VAMP Electrostatics),Octupole xxx (VAMP Electrostatics),Octupole xxy (VAMP Electrostatics),Octupole xxz (VAMP Electrostatics),Octupole xyy (VAMP Electrostatics),Octupole xyz (VAMP Electrostatics),Octupole xzz (VAMP Electrostatics),Octupole yyy (VAMP Electrostatics),Octupole yyz (VAMP Electrostatics),Octupole yzz (VAMP Electrostatics),Octupole zzz (VAMP Electrostatics),Total ZDO dipole (VAMP Electrostatics),ZDO Dipole x (VAMP Electrostatics),ZDO Dipole y (VAMP Electrostatics),ZDO Dipole z (VAMP Electrostatics),Mean polarizability (VAMP Electrostatics),Total molecular mass (Atomistic Descriptors),Atom count (Atomistic Descriptors),Element count (Atomistic Descriptors),Rotatable bonds (Fast Descriptors),Hydrogen bond donor (Fast Descriptors),Hydrogen bond acceptor (Fast Descriptors),Chiral centers (Fast Descriptors),AlogP (Fast Descriptors),AlogP98 (Fast Descriptors),Molecular refractivity (Fast Descriptors),Molecular flexibility (Fast Descriptors),Balaban index JX (Fast Descriptors),Balaban index JY (Fast Descriptors),Wiener index (Fast Descriptors),Zagreb index (Fast Descriptors),Kappa-1 (Fast Descriptors),Kappa-2 (Fast Descriptors),Kappa-3 (Fast Descriptors),Kappa-1 (alpha modified) (Fast Descriptors),Kappa-2 (alpha modified) (Fast Descriptors),Kappa-3 (alpha modified) (Fast Descriptors),Subgraph counts (0): path (Fast Descriptors),Subgraph counts (1): path (Fast Descriptors),Subgraph counts (2): path (Fast Descriptors),Subgraph counts (3): path (Fast Descriptors),Subgraph counts (3): cluster (Fast Descriptors),Subgraph counts (3): chain (Fast Descriptors),Chi (0) (Fast Descriptors),Chi (1) (Fast Descriptors),Chi (2) (Fast Descriptors),Chi (3): path (Fast Descriptors),Chi (3): cluster (Fast Descriptors),Chi (3): chain (Fast Descriptors),Chi (0) (valence modified) (Fast Descriptors),Chi (1) (valence modified) (Fast Descriptors),Chi (2) (valence modified) (Fast Descriptors),Chi (3): path (valence modified) (Fast Descriptors),Chi (3): cluster (valence modified) (Fast Descriptors),Information content (IC) (Fast Descriptors),Bond information content (BIC) (Fast Descriptors),Complementary information content (CIC) (Fast Descriptors),Structural information content (SIC) (Fast Descriptors),Edge adjacency/magnitude (Fast Descriptors),Edge distance/magnitude (Fast Descriptors),Vertex adjacency/equality (Fast Descriptors),Vertex adjacency/magnitude (Fast Descriptors),Vertex distance/equality (Fast Descriptors),Vertex distance/magnitude (Fast Descriptors),Atomic composition (total) (Fast Descriptors),Molecular area (vdW area) (Spatial Descriptors),Molecular volume (vdW volume) (Spatial Descriptors),Molecular density (Spatial Descriptors),Principal moments of inertia (magnitude) (Spatial Descriptors),Principal moment of inertia X (Spatial Descriptors),Principal moment of inertia Y (Spatial Descriptors),Principal moment of inertia Z (Spatial Descriptors),Radius of gyration (Spatial Descriptors),Ellipsoidal volume (Spatial Descriptors),Shadow area: XY plane (Spatial Descriptors),Shadow area: YZ plane (Spatial Descriptors),Shadow area: ZX plane (Spatial Descriptors),Shadow area fraction: XY plane (Spatial Descriptors),Shadow area fraction: YZ plane (Spatial Descriptors),Shadow area fraction: ZX plane (Spatial Descriptors),Shadow length: LX (Spatial Descriptors),Shadow length: LY (Spatial Descriptors),Shadow length: LZ (Spatial Descriptors),Shadow ratio (Spatial Descriptors),Dipole moment (magnitude) (Spatial Descriptors),Dipole moment X (Spatial Descriptors),Dipole moment Y (Spatial Descriptors),Dipole moment Z (Spatial Descriptors),Connolly surface area (Atom Volumes and Surfaces),Connolly surface occupied volume (Atom Volumes and Surfaces),Solvent surface area (Atom Volumes and Surfaces),Solvent surface occupied volume (Atom Volumes and Surfaces),Structure (Forcite Energetics),Total energy (Forcite Energetics),Non bond energy (Forcite Energetics),Hydrogen bond energy (Forcite Energetics),van der Waals energy (Forcite Energetics),Electrostatic energy (Forcite Energetics),Valence energy (diag. terms) (Forcite Energetics),Bond energy (Forcite Energetics),Angle energy (Forcite Energetics),Torsion energy (Forcite Energetics),Inversion energy (Forcite Energetics),Valence energy (cross terms) (Forcite Energetics),Stretch-Stretch energy (Forcite Energetics),Stretch-Bend-Stretch energy (Forcite Energetics),Stretch-Torsion-Stretch energy (Forcite Energetics),Separated-Stretch-Stretch energy (Forcite Energetics),Torsion-Stretch energy (Forcite Energetics),Bend-Bend energy (Forcite Energetics),Torsion-Bend-Bend energy (Forcite Energetics),Bend-Torsion-Bend energy (Forcite Energetics),Atom count (O atom count),Element count (O atom count),Element count (N atom count),Element count (C atom count (2)),Element count (H atom count),Oxygen Balance
Mannitol hexanitrate,Mannitol hexanitrate,,143,Mannitol hexanitrate,61818,Mannitol hexanitrate,6,-0.0617,0.038,-0.0006,0.8109634216,-0.0897067919,-0.3635666991,0.8284,-0.1407,-0.3634,Mannitol hexanitrate,-7257.231704,-72195.299206,13870.896646,-8.987441,-3.601407,215.725706,6.41,5.337,-3.549,0,-4,14.15,-32.447,0,0,36.447,11.427,-23.8,0,33.222,0,-44.65,-8.865,0,32.665,0,6.394,5.372,-3.468,0,29.951737,452.153990745544,38,6,11,0,18,4,2.9316,0.031,78.567596,12.080136,5.406147,6.448073,2333,134,30,15.745152,14.65928,27.119999,13.362983,12.339784,30,29,38,38,10,0,23.430359,13.827178,13.308459,7.026003,3.054988,0,13.755364,6.622992,4.360944,2.60357,0.532159,2.82258,0.550287,2.084311,0.575228,474.842499,7984.715332,310.356628,339.762909,3007.84375,8643.441406,69.343048,215.360668730836,186.782299539733,2.42075395719903,4620.20733730434,1162.35490837173,2526.85346909636,3689.20837746809,2.60634797757548,159.935193003625,70.7111734300312,24.3486604196724,31.6675668627871,0.671664167916042,0.78743961352657,0.804597701149425,11.5759589906917,9.0945012008285,3.40000009536743,3.40469372529257,0,0,0,0,205.97643828414,193.405440485351,390.80169194526,607.447244359719,Mannitol hexanitrate,1056435.18775053,1052368.43568877,0,1052489.71366235,-121.277973583968,4066.75206175943,3136.91105459464,925.422896821726,4.4181103430615,0,0,0,0,0,0,0,0,0,0,38,18,6,6,8,7.07723489230651
Hexanitroethane,Hexanitroethane,,108,Hexanitroethane,61232,Hexanitroethane,6,-0.1856,-0.0198,-0.0554,0.4803637241,-0.2315408134,-0.2306457448,0.4414,-0.2208,-0.2201,Hexanitroethane,-5318.090273,-30976.679731,147.510807,-13.774471,-3.879004,235.951263,0.232,-0.219,0.03,-0.07,5.61,0.096,-4.249,-0.858,0.115,-1.361,-3.21,4.863,-0.849,1.198,-2.257,2.012,-2.198,0.5,-2.665,0.349,0.131,-0.11,0.054,-0.046,19.116562,300.05199432373,20,2,1,0,12,0,2.673201,2.712801,47.270798,4.475621,6.224902,7.409138,634,98,20,6.84,2.72,17.360001,5.156245,1.8881,20,19,30,45,14,0,16.464102,8.910254,8.794229,6.482049,2.4245,0,8.582261,3.782532,2.813479,1.977517,0.61305,1.895462,0.408165,2.426466,0.438569,354.413422,2996.484863,181.177017,199.421249,959.940979,3383.955811,25.909237,236.780318911856,187.287975745405,1.60208893886287,2115.02842535167,1062.73722759305,1282.8937219029,1303.11876796996,2.42190779287646,103.723846429692,43.6364073801754,39.120525786825,44.5892053156664,0.712320200125078,0.690283400809717,0.752888318356868,8.00106546486761,7.65642272148921,7.40203867068986,1.08092727163798,0,0,0,0,195.221166729091,201.364156143398,366.48960883352,597.677180294344,Hexanitroethane,43.8712220275972,-47.1283598179879,0,18.9779547953844,-66.1063146133722,90.999581845585,73.5381232023867,15.3877593616939,2.06054985216378,1.31494293406944E-02,0,0,0,0,0,0,0,0,0,20,12,6,2,0,42.6592731997972
hexyl,hexyl,,111,Dipicrylamine,8576,hexyl,6,-0.1365,-0.0407,-0.0382,0.5115542276,-0.3026313529,-0.2905214561,0.4582,-0.2931,-0.2809,hexyl,-6873.986904,-49305.680361,192.553013,-11.601597,-3.356397,373.508534,1.085,0.596,-0.897,0.133,-10.77,-2.724,4.006,-7.786,0.933,6.764,-28.796,-255.021,-19.841,32.781,56.076,-3.985,178.41,-5.321,76.611,25.162,0.833,0.511,-0.654,0.076,34.070329,439.20899116993,36,12,2,1,12,0,3.019799,2.7465,98.492386,6.301916,2.709481,2.996519,2436,158,27.246094,11.421457,6.533333,22.884602,8.536718,4.612266,31,32,47,60,14,0,23.618437,14.344024,14.145899,10.354598,3.14983,0,14.391663,7.341932,5.3857,3.621393,0.755877,2.808089,0.514356,2.146107,0.56681,616.131348,9990.974609,339.324432,384,3292.964355,9298.09668,68.817078,373.417811036654,304.951287474898,1.44025950769623,7802.297459827,1969.44006800199,5265.46703458726,5410.36120585733,3.74685915675718,481.624769490806,83.4050657557317,55.8158736188958,81.8399436265159,0.624269005847953,0.690338164251208,0.590961098398169,15.1274463168055,8.83191814596118,9.1546302461212,1.71281550245382,0,0,0,0,322.558298480397,327.03517089662,556.432401509375,949.264211918326,hexyl,87.4988767863444,3.74186731493089,0,33.5078007474319,-29.765933432501,83.7570094714135,24.6351025239415,9.10081689267393,50.0046540146569,1.64360401411832E-02,0,0,0,0,0,0,0,0,0,36,12,7,12,5,-52.8222337575597
Dipentaerythritol hexanitrate,Dipentaerythritol hexanitrate,,144,Dipentaerythritol hexanitrate,83215,Dipentaerythritol hexanitrate,6,-0.2376,-0.1154,-0.0187,0.8335909645,-0.4719549084,-0.3672505736,0.834,-0.4796,-0.369,Dipentaerythritol hexanitrate,-7983.694434,-88049.243809,18814.39975,-10.475323,-3.948987,273.240402,1.349,-1.023,0.879,0,-46.448,-2.018,-25.291,0,0,71.739,-7.648,-8.299,0,-1.216,0,8.864,13.056,0,-4.758,0,1.496,-1.065,1.051,0,35.918822,524.260989189148,51,10,16,0,19,0,2.566799,-0.591497,100.109276,14.556319,5.198608,6.076472,3848,158,35,18.284445,17.983471,32.080006,15.881268,15.574313,35,34,45,44,14,0,27.070702,16.206118,15.448685,8.926324,3.863703,0,17.096853,8.424166,6.475058,3.673367,1.596787,2.219789,0.417102,2.909494,0.432768,584.266785,11482.84375,378.963593,413.947479,4453.107422,12287.413086,95.854012,272.429360921564,235.47896268206,2.22636019463445,7337.77904991431,1925.32349769972,3950.72280404081,5876.04630174053,3.02214962645964,289.570556321041,89.3649234539802,26.8228189766263,36.8941730845012,0.677611940298507,0.795555555555556,0.81592039800995,13.2993697668206,9.91642145984222,3.40000009536743,3.91157923346568,0,0,0,0,255.871661787021,242.829318578528,459.597778611122,742.981195242558,Dipentaerythritol hexanitrate,2077245387.28473,2077239782.6588,0,2077240048.75678,-266.097982184415,5604.62593753011,4215.84802120712,1382.15075080839,6.62716551459225,0,0,0,0,0,0,0,0,0,0,51,19,6,10,16,-27.467235397911
HMX,HMX,,150,,17596,HMX,4,0.0877,-0.0768,-0.0886,0.6132420247,-0.3147246342,-0.3409065662,0.59,-0.3047,-0.3314,HMX,-4820.767585,-29374.23909,214.579926,-11.89713,-2.118669,254.895518,0.515,-0.037,0.514,0.001,3.729,-0.106,5.308,-6.745,-0.483,-9.037,1.342,-5.894,-13.531,-5.801,94.24,4.458,69.474,13.456,-63.581,0.074,0.426,-0.031,0.425,0.002,21.944012,296.155995368958,28,4,0,0,8,0,1.5036,-1.267199,58.569199,4.692338,2.662165,3.130622,756,96,18.049999,7.852041,5.378906,15.497338,6.055669,3.971789,20,20,28,32,8,0,15.447227,9.218122,8.959195,6.19323,2,0,9.672121,4.790416,3.542822,2.229724,0.533333,2.321928,0.506422,2,0.537244,325.211884,3360.368408,187.598236,212.877121,1196.357422,3360.04541,54.605938,255.270128729248,206.160798411654,1.43652914448655,2910.66688694241,1595.33234387611,1599.3510946792,1835.47610043668,2.77501297461783,204.696058774906,55.7887643213287,50.1315497666891,51.0296929335134,0.737086776859504,0.736363636363636,0.745454545454545,8.72379710779557,8.67606037628837,7.84686590993183,1.11175559872303,0,0,0,0,230.182010731263,216.831027319829,424.253210641494,678.161395977961,HMX,94.4366818037153,-19.3700734426581,0,59.6796606700948,-79.0497341127529,113.806755246373,42.6171365984861,54.4296262125577,10.9063399976159,5.85365243771365,0,0,0,0,0,0,0,0,0,28,8,8,4,8,-21.6102327829856
"N-Ethyl-N,2,4,6-tetranitroaniline","N-Ethyl-N,2,4,6-tetranitroaniline",,111,,80150,"N-Ethyl-N,2,4,6-tetranitroaniline",4,-0.0883,-0.0441,-0.0548,0.6306501376,-0.2953375658,-0.3477558953,0.6111,-0.2857,-0.3386,"N-Ethyl-N,2,4,6-tetranitroaniline",-4701.437981,-28836.266334,137.450137,-11.489172,-3.340759,266.725193,4.585,-1.407,-0.253,-4.357,-20.422,-3.506,-11.993,-11.955,2.471,32.415,103.878,-49.701,-45.026,-53.295,3.319,-50.583,48.251,30.944,1.45,14.082,4.331,-1.129,-0.352,-4.166,24.352739,301.17099416256,28,8,2,0,8,0,2.071201,1.4909,68.301506,4.770804,3.500473,3.902324,830,102,19.047619,8.022223,4.487535,16.314762,6.140873,3.232847,21,21,30,38,9,0,16.317471,9.700484,9.184715,6.61612,2.019359,0,10.363861,5.233056,3.557555,2.413423,0.475384,3.213513,0.668458,1.178804,0.731621,354.413422,3772.387451,200.088913,226.477325,1294.781372,3773.314697,55.344814,263.512968999756,218.595213765985,1.37775658018284,3295.41111311998,1115.42132202478,1839.04304023387,2496.69589157641,2.98925866893241,384.712997861476,68.258908386647,42.3117138050639,47.5828661340974,0.604747162022704,0.508403361344538,0.509189640768588,11.257764708013,10.0261300179017,8.3007793755783,1.35622984284276,0,0,0,0,234.609506154851,229.232373756645,430.236915580399,699.073591394199,"N-Ethyl-N,2,4,6-tetranitroaniline",69.429009261186,33.7919893413478,0,50.3096053465876,-16.5176160052397,35.6370199198382,19.1472062400605,5.05717643774848,11.1814772905517,0.251159951477476,0,0,0,0,0,0,0,0,0,28,8,5,8,7,-61.0948609150203
PETN,PETN,,142,PETN,6518,PETN,4,0.0471,-0.0273,-0.0885,0.6058075878,-0.2530505549,-0.3242869641,0.5888,-0.2446,-0.3177,PETN,-5405.493803,-30941.667481,-39.143517,-12.899065,-1.644186,292.251742,0.106,-0.053,-0.055,-0.074,-5.195,-0.001,-5.381,0.252,-0.333,10.576,2.241,-0.241,54.98,-2.274,34.486,0.032,-2.068,-54.797,2.31,-0.183,0.083,-0.021,-0.07,-0.039,22.403301,316.134993553162,29,5,8,0,12,0,1.866601,-0.1838,58.503716,8.26457,4.419593,5.213194,968,92,21,10.680473,11.25,19.080002,9.096225,9.58898,21,20,26,24,8,0,16.466253,9.666007,9.230088,5.008072,2.3401,0,10.01626,4.759805,3.488175,1.90458,0.828823,2.106603,0.459459,2.285714,0.479611,296.422852,3354.766357,193.516006,212.877121,1373.17981,3765.113281,54.252258,291.67513007213,223.677955308634,1.41334890654268,4505.5241982052,2099.61741741328,2113.47629247255,3380.02558603687,3.1184208289523,353.059505323158,61.2231778976504,54.6271883129956,54.7199166377034,0.418435904326794,0.614089499335401,0.614532565352237,12.1019439545692,12.0901527753214,7.35775610546118,1.64478732117618,0,0,0,0,260.251077942887,238.192933729872,494.834200130682,768.91462063623,PETN,118.122882116459,11.492616833358,0,42.9736114095217,-31.4809945761636,106.630265283101,51.4134434212534,55.2026502951552,1.41692712545922E-02,2.29543750451811E-06,0,0,0,0,0,0,0,0,0,29,12,4,5,8,-10.1222581025719
"2,3,4,6-Tetranitroaniline","2,3,4,6-Tetranitroaniline",,121,"2,3,4,6-Tetranitroaniline",19431,"2,3,4,6-Tetranitroaniline",4,-0.0482,-0.0407,-0.0411,0.5049671267,-0.288332816,-0.2886667882,0.4518,-0.2784,-0.2788,"2,3,4,6-Tetranitroaniline",-4391.313925,-23910.024703,115.503493,-11.387577,-3.042243,246.028605,5.645,-5.516,1.201,-0.021,-12.047,-11.364,11.712,0.133,0.051,0.336,113.397,87.286,-0.245,-133.094,0.217,19.697,-63.345,-0.055,-23.941,0.299,5.647,-5.464,1.426,-0.012,20.341304,273.116994738579,22,6,0,2,8,0,1.077801,0.661,60.057201,3.665741,3.62548,4.045152,618,94,17.052631,6.635204,3.555556,14.3215,4.863253,2.425476,19,19,28,36,9,0,14.903258,8.679315,8.553297,6.017842,2.020171,0,8.709541,4.221046,3.054147,2.029975,0.462143,2.584262,0.549792,1.663665,0.608358,325.211884,2984.953613,175.251328,199.421249,1009.113037,2984.712158,42.233192,244.570812909369,187.476231709942,1.45680864314116,2798.02082828432,1051.11936119251,1424.22001725217,2166.94854265101,2.87987762703106,187.192610596078,54.360756628608,39.2703089700159,40.7044945676471,0.622675736961451,0.840329218106996,0.794406651549509,9.78372179883791,8.92317590570497,5.23715466265614,1.86813688520627,0,0,0,0,218.90400311082,201.668387232812,409.337762796405,644.736908860541,"2,3,4,6-Tetranitroaniline",60.0191533267353,-0.498852988349075,0,14.1740158194617,-14.6728688078107,60.5180063150844,18.1166247781223,2.40104731375641,40.0002076570848,1.26566120818072E-04,0,0,0,0,0,0,0,0,0,22,8,5,6,3,-32.2206240165433
Tetranitronaphthalene,Tetranitronaphthalene,,101,"1,3,6,8-Tetranitronaphthalene",34385,Tetranitronaphthalene,4,-0.1227,-0.0393,-0.0394,0.496847826,-0.2903789637,-0.2903290895,0.4435,-0.2805,-0.2805,Tetranitronaphthalene,-4710.014201,-27545.643423,128.25179,-11.364541,-3.509226,265.369857,4.778,-0.001,-4.778,-0.031,-16.198,0.006,-14.089,0.005,-0.004,30.287,0.07,249.325,-0.284,-0.068,-0.121,-0.002,-168.563,-0.061,-80.762,0.345,4.307,0,-4.307,-0.011,25.381226,308.161993503571,26,10,0,0,8,0,2.863201,2.316,71.806992,3.747662,2.846533,3.090482,943,114,18.340265,7.266436,3.92562,15.331141,5.377849,2.7291,22,23,34,44,10,0,16.601929,10.218122,10.104177,7.49216,2.21661,0,10.364242,5.414422,4.056344,2.791961,0.573075,3.004886,0.598301,1.454545,0.673827,413.947479,4661.836426,219.28923,254.083847,1469.930908,4200.28418,48.992153,265.372612870653,219.26714369444,1.4054180134394,4287.27755863008,1420.23603535299,2156.4466505706,3422.48686072873,3.25763737197319,327.395528555532,75.1576402439704,30.3642833348899,42.9243693230472,0.658730158730159,0.636070853462158,0.654908877131099,12.515999792178,9.11591026424263,5.23669763247893,2.39005584636997,0,0,0,0,242.374325710984,228.070145380776,445.943077512654,715.009315973344,Tetranitronaphthalene,53.4838420167463,9.38464383365157,0,33.0110794453919,-23.6264356117403,44.0991981830947,17.8611450261405,6.23790104173808,20.0001363624365,1.57527795978663E-05,0,0,0,0,0,0,0,0,0,26,8,4,10,4,-72.6890417125382
tetryl,tetryl,,126,tetryl,10178,tetryl,4,0.0173,-0.1264,-0.0916,0.5309284428,-0.3049858172,-0.3251281587,0.4791,-0.2954,-0.3157,tetryl,-4545.771327,-26336.880116,140.419791,-11.633936,-3.397572,247.865906,4.143,-1.533,-0.235,-3.842,-20.302,-3.578,-11.43,-9.377,2.099,31.732,94.491,-53.182,-52.131,-51.405,8.271,-43.086,51.074,33.993,2.108,18.138,3.983,-1.413,-0.314,-3.711,22.548299,287.143994450569,25,7,1,0,8,0,1.728701,1.1421,63.553509,4.205429,3.458252,3.868845,732,98,18.049999,7.319857,4.25,15.317936,5.490856,3.001816,20,20,29,36,9,0,15.610365,9.162479,8.971729,6.452713,2.075727,0,9.656754,4.656936,3.365399,2.22721,0.504673,3.084184,0.648634,1.237744,0.713613,339.762909,3363.261963,187.598236,212.877121,1167.542114,3363.858643,49.225639,248.046165794447,202.440396501069,1.41841252740805,3165.84859272285,1008.38607738453,1708.56446772401,2467.09592245888,2.98640553350979,208.828290492389,68.2918977210985,38.2737714846342,42.7969446684967,0.603715170278638,0.549579831932773,0.545864661654135,11.2848866846751,10.0239730336472,6.94753243490242,1.62430140347141,0,0,0,0,222.961520197175,211.100199907197,414.799238559023,660.056626267155,tetryl,51.5844930110522,16.4076336638538,0,43.8126031209768,-27.404969457123,35.1768593471984,19.0110804993716,4.3511912545715,11.5631717628452,0.251415830410161,0,0,0,0,0,0,0,0,0,25,8,5,7,5,-47.3629964855184
TNT,TNT,,100,,8376,TNT,3,0.0183,-0.1109,-0.0946,0.5359869409,-0.3332870287,-0.328391013,0.483,-0.3247,-0.3192,TNT,-3496.233602,-17670.02177,84.093029,-11.778512,-2.885441,203.796877,1.281,1.267,0.02,0.189,-11.057,0.06,-19.701,0.757,0,30.758,121.784,-0.231,3.402,-102.679,-0.783,-19.105,-0.668,0.125,0.899,-3.527,1.272,1.266,0.014,0.122,18.955794,227.13199532032,21,7,0,0,6,0,2.3746,1.9994,53.073303,3.129216,3.330696,3.650816,408,78,14.0625,5.557656,3.25,11.971941,4.182067,2.301022,16,16,23,28,7,0,12.455664,7.341111,7.150361,5.155941,1.631282,0,7.94583,3.920967,2.880351,1.941837,0.440438,2.655639,0.595511,1.344361,0.66391,254.083847,1983.933105,139.152496,160,699.612305,1982.592896,40.712879,202.088342979407,166.345702837975,1.36542147735282,2274.54481309815,877.077537540888,981.432387697203,1855.01470838155,2.80474278240679,147.086166419926,63.0396136060689,28.2022436149957,28.2309332847931,0.650260104041617,0.674136321195145,0.705539358600583,9.62935604537639,10.06767502076,4.15534172341545,2.42282721635827,0,0,0,0,189.910831480241,170.761269463478,366.949189857038,560.7092258092,TNT,63.4768595582797,42.0304747757321,0,75.8643587276104,-33.8338839518783,21.4463847825476,12.2777589963021,8.53729510328539,0.631319469030458,1.12139296188918E-05,0,0,0,0,0,0,0,0,0,21,6,3,7,5,-73.9658011470699
RDX,RDX,,150,,8490,RDX,3,0.0941,-0.0865,-0.0876,0.6058278712,-0.3316171676,-0.3244856672,0.5822,-0.3219,-0.3146,RDX,-3615.79873,-18513.052067,155.791507,-11.721344,-2.042514,195.950068,2.744,-0.052,0.049,2.743,-10.79,0.009,-11.004,-0.781,0.757,21.794,-35.77,32.459,-0.965,35.76,0.236,0.01,-32.303,-15.998,-0.156,16.964,2.37,-0.041,0.038,2.37,16.533488,222.116996526718,21,3,0,0,6,0,1.1277,-0.9504,43.926895,3.029874,2.440143,2.870834,354,72,13.066667,5.365079,3.5,11.156452,4.073707,2.517618,15,15,21,24,6,0,11.585421,6.91359,6.719396,4.644924,1.5,0,7.254091,3.592812,2.657117,1.672293,0.4,2.321928,0.556827,1.584963,0.594316,226.477325,1699.408936,127.464638,147.206711,617.062317,1697.408203,40.954453,195.401729698915,154.842988078434,1.43446596635172,1995.26057072513,820.382207472882,823.27220617176,1621.80783488592,2.52785150125186,122.582916791286,57.289843106742,29.3047823157125,29.4837812371808,0.629340277777778,0.714962121212121,0.71875,9.54489116686785,9.53720514915559,4.29768263550603,2.22093904468681,0,0,0,0,179.107330804792,162.860886660429,351.437970832765,534.844114486084,RDX,66.1757310784922,-12.5139650178472,0,45.8521244906487,-58.366089508496,78.6896960963394,31.0164377167413,36.6904669011658,5.83913129624458,5.14366018218767,0,0,0,0,0,0,0,0,0,21,6,6,3,6,-21.6102327829857
nitroglycerine,nitroglycerine,,140,Nitroglycerin,4510,nitroglycerine,3,0.0961,-0.0527,-0.102,0.5989199322,-0.2460036025,-0.3380842888,0.5813,-0.2376,-0.3317,nitroglycerine,-3944.266222,-18641.768203,-28.697725,-12.833215,-1.457273,210.737272,2.788,0.465,0.541,-2.695,-15.42,0.04,0.316,-2.775,-3.436,15.104,-78.975,-50.801,-5.965,33.313,0.167,45.662,32.123,-3.303,18.677,9.268,2.913,0.368,0.586,-2.829,15.5,227.084995388985,20,3,5,0,9,0,1.4841,0.0775,40.598106,6.266924,3.462625,4.166842,424,62,15,8.186852,10.285714,13.559999,6.932439,8.87847,15,14,17,14,4,0,11.844934,6.913591,6.437969,3.109268,1.428869,0,7.007439,3.272717,1.98977,0.966812,0.209138,2.689246,0.657926,1.217644,0.688334,172.97374,1431.158081,121.950623,134.605942,693.854553,1690.084717,36.789822,209.930946529198,157.676051779131,1.44019965509461,2586.22856044221,690.842517973274,1508.94641657623,1983.53106708947,2.78039323904797,209.534126287265,49.0866781744402,33.602502633827,41.5530691647488,0.550522648083624,0.728343145500421,0.660714285714286,11.0248106238183,8.08755626014935,5.70450902557343,1.93264846709748,0,0,0,0,192.719962668911,166.10430923455,385.330134192075,571.595029711313,nitroglycerine,85.2066414277192,4.76318196171513,0,30.723013983263,-25.9598320215478,80.4434594660041,37.1412874352124,40.7907027032601,2.5114680487421,1.27878950384464E-06,0,0,0,0,0,0,0,0,0,20,9,3,3,5,3.52290999513042
Trinitroaniline,Trinitroaniline,,110,Trinitroaniline,3032829,Trinitroaniline,3,0.0349,-0.0512,-0.0512,0.4908149191,-0.2827260929,-0.2826112601,0.4372,-0.2727,-0.2726,Trinitroaniline,-3561.495744,-18244.784377,87.867233,-10.679135,-2.177338,216.811884,10.759,4.14,9.931,-0.009,-6.827,13.72,18.996,-0.038,0.038,-12.169,51.413,61.279,0.071,-12.273,0,-39.14,-13.325,0.045,-47.954,-0.116,10.251,4.122,9.386,0.009,17.940666,228.119995594025,20,6,0,2,6,0,1.124201,0.7666,52.732502,2.985394,3.426678,3.78466,393,78,14.0625,5.557656,3.029727,11.772993,4.057278,2.054627,16,16,23,29,7,0,12.455665,7.357947,7.10524,4.947145,1.594007,0,7.523181,3.715625,2.642459,1.722966,0.37149,2.655639,0.595511,1.344361,0.66391,254.083847,1987.976318,139.152496,160,678.784546,1986.467041,39.41901,214.654488788077,164.426471582848,1.38736782099641,1868.57621223176,612.8784760206,1042.73794031685,1424.30847163556,2.7337456245766,254.633516918968,50.2950664273948,31.8493682523145,38.7511683019691,0.627906976744186,0.717484926787252,0.782407407407407,9.45359389259168,8.47292057880669,5.239078491842,1.80443830099364,0,0,0,0,193.94132164101,175.507334560934,370.376871554256,575.338791338988,Trinitroaniline,44.0095386418572,-2.191776656855,0,12.9648545608066,-15.1566312176616,46.2013152987122,14.2012892186312,1.99985919628212,30.000149554968,1.73288308480402E-05,0,0,0,0,0,0,0,0,0,20,6,4,6,4,-56.1108199510033
BTTN,BTTN,,140,"1,2,4-Butanetriol trinitrate",522216,BTTN,3,0.1303,-0.0618,-0.1073,0.595919209,-0.2498406646,-0.3264239542,0.5781,-0.2414,-0.3198,BTTN,-4100.099055,-19902.411568,-35.499552,-12.537872,-1.56459,231.59166,0.367,-0.255,0.243,0.104,-22.026,-0.415,0.301,-0.232,0.235,21.725,-107.366,-75.897,-11.276,75.181,-25.874,32.185,45.936,1.305,29.961,9.971,0.33,-0.322,0.074,0.005,17.334076,241.111995100975,23,4,6,0,9,1,1.5362,0.1399,45.463505,7.098386,3.458785,4.097191,521,66,16,9.074074,11.324445,14.559999,7.800425,9.917854,16,15,18,15,4,0,12.55204,7.413591,6.791522,3.35085,1.428869,0,7.714546,3.772717,2.315903,1.237497,0.209138,2.858459,0.685494,1.141541,0.714615,186.117294,1686.416504,133.432831,147.206711,826.051086,1969.277222,43.106228,230.585484715751,174.681890590152,1.38029187963556,3653.11489749899,821.714479443342,2146.52751674273,2839.44596505525,3.08353506575492,321.042584712934,60.8305612612962,33.8172980093221,45.1885068417247,0.515470704410797,0.678963893249607,0.709057071960298,12.2881415153599,9.60354622523746,5.18633533946258,2.3693303095656,0,0,0,0,212.0742030126,182.740153235964,417.444761952998,625.766601035834,BTTN,71.1927823918834,-10.3310867577396,0,30.9306211025481,-41.2617078602877,81.523869149623,37.4907202467256,41.5117945627231,2.52135341827674,9.218976109171E-07,0,0,0,0,0,0,0,0,0,23,9,3,4,7,-16.5898009276761
Trinitromethane,Trinitromethane,,125,Trinitromethane,10602,Trinitromethane,3,-0.0923,-0.0492,-0.0673,0.464719133,-0.2380369592,-0.2786449435,0.4179,-0.2276,-0.2685,Trinitromethane,-2673.736263,-10269.172884,49.879998,-13.233115,-2.786144,136.973124,2.433,-0.002,-0.002,-2.433,-0.718,0,-0.704,0,-0.001,1.422,15.938,40.173,9.588,-15.941,-0.003,0.003,-40.168,9.599,-0.005,-19.187,2.295,-0.001,-0.001,-2.295,9.741409,151.033997178078,11,1,0,0,6,0,1.685301,1.285401,24.047401,2.607903,3.826498,4.620214,117,42,10,4,3.111111,8.680001,3.004496,2.222075,10,9,12,12,4,0,8.309401,4.464101,4.309401,2.309401,1.111111,0,4.368481,1.870042,1.202472,0.565685,0.180739,1.895462,0.528726,1.426466,0.570591,110.039101,489.572937,68.007706,75.058647,225.990387,635.704285,17.789085,138.09082095003,98.9305708353774,1.52666658953582,675.813075774717,345.975264173827,346.123586753559,466.071767714786,1.88998464504884,59.1819368955411,26.0419366902421,27.1582512248323,28.4081489551563,0.554621848739496,0.73109243697479,0.736734693877551,6.98134828375681,6.72569238686314,5.52322213356256,1.26399918651357,0,0,0,0,126.295454200092,103.662690083491,273.382791736508,382.240857567174,Trinitromethane,17.9185142999834,-12.771408529081,0,4.83386335631939,-17.6052718854004,30.6899228290644,24.1800964831676,6.5059963727128,3.2774396584542E-03,5.52533525609578E-04,0,0,0,0,0,0,0,0,0,11,6,3,1,1,37.0777447768748
DNAN,DNAN,,78,,8385,DNAN,2,0.012,-0.1044,-0.0973,0.5322326214,-0.3278231897,-0.3441139611,0.4785,-0.3187,-0.3352,DNAN,-2986.60076,-14417.773289,21.794748,-11.351385,-2.317818,196.096047,5.99,-1.881,5.525,1.347,-24.391,-8.035,7.98,-10.166,3.354,16.412,-87.124,41.378,26.174,46.993,-15.943,40.13,-0.348,-6.167,-41.03,-20.008,5.691,-1.801,5.251,1.254,17.298167,198.133995771408,20,7,1,0,5,0,1.7011,1.6024,47.170612,2.970192,3.055208,3.345282,296,66,12.071428,5.185596,2.994329,10.381301,4.005537,2.174695,14,14,19,23,5,0,10.715178,6.557748,5.893348,4.412153,1.136083,0,7.167719,3.527917,2.370372,1.56995,0.272546,3.235926,0.761766,0.571429,0.849915,199.421249,1438.428345,115.967865,134.605942,547.960022,1436.702148,37.667664,194.024761633137,154.373731024817,1.28346963214588,1837.27576379474,394.767871387487,1078.1067896778,1434.37314182829,2.81475540789987,237.450133615083,57.7927527000457,27.1920950340672,33.2065528236058,0.649029982363316,0.679047619047619,0.642222222222222,10.7226547696646,8.30436247528982,4.82209920951106,2.22364872720066,0,0,0,0,180.252627110223,160.265974391882,355.10532200263,535.077218597807,DNAN,56.9611053458862,34.6853178645931,0,24.016043816962,10.6692740476311,22.2757874812931,8.65057077273862,2.93386956175613,10.6913422953626,4.85143575312819E-06,0,0,0,0,0,0,0,0,0,20,5,2,7,6,-96.9041174647863
DinitroBenzene,DinitroBenzene,,90,,7452,DinitroBenzene,2,0.0022,-0.0911,-0.1011,0.5292785849,-0.3348756804,-0.3419352642,0.4748,-0.326,-0.3331,DinitroBenzene,-2511.040739,-10864.866393,52.693394,-11.603661,-2.318553,166.698712,5.654,-0.001,5.654,0.005,-30.941,-0.004,14.801,0.007,0.003,16.14,0.005,34.604,0.077,-0.008,0.027,0.002,3.689,-0.022,-38.293,-0.054,5.284,0,5.284,0.002,14.705947,168.107996463776,16,6,0,0,4,0,1.9538,1.6188,40.707409,2.221123,2.932422,3.182874,197,56,10.083333,4.296875,2.777778,8.436711,3.159226,1.912159,12,12,16,18,4,0,9.137827,5.60906,5.174798,3.640947,1,0,5.836821,2.998878,2.034072,1.251374,0.223607,2.751629,0.673188,0.833333,0.767548,160,990.336487,93.603226,110.039101,386.096344,988.486694,30.490225,164.233499442566,129.733165488806,1.29579815485409,1390.17368182673,259.04502383364,827.537191002973,1086.5821362316,2.50852473698955,245.989341758968,50.9035094617631,20.2758766230359,26.9967232009248,0.643137254901961,0.758333333333333,0.788671023965142,10.0662999306984,7.86274500192582,3.40051975692152,2.96022392171348,0,0,0,0,155.469451476537,133.084732946247,318.013276947958,460.49509110284,DinitroBenzene,19.9114095513072,11.0548937076799,0,19.7973610740615,-8.7424673663816,8.85651584362729,7.8996229613561,0.956869407019186,2.15669230257244E-05,1.90832897639659E-06,0,0,0,0,0,0,0,0,0,16,4,2,6,4,-95.1769120837014
diethylaminedinitrate,diethylaminedinitrate,,120,,12200823,diethylaminedinitrate,2,0.1431,-0.1512,-0.087,1.0123103867,-0.5244256061,-0.4372030144,1.0288,-0.5317,-0.4407,diethylaminedinitrate,-2962.363141,-15247.000714,3965.76999,-6.764518,1.097164,169.66388,5.806,5.656,1.313,0,2.596,-11.858,-15.067,0,0,12.471,180.376,-42.833,0,-99.454,0,-80.921,42.774,0,0.059,0,6.108,5.944,1.403,0,11.634363,186.123996973038,22,2,1,4,2,0,-1.4034,-1.4766,17.868599,2.861601,1.892826,1.998311,10,10,4,3,4,3.92,2.92,4.006956,4,3,2,1,0,0,3.414213,1.914213,1,0.5,0,0,2.568914,1.316496,0.57735,0.166667,0,1,0.63093,1,0.5,8,22.5,15.270944,15.509775,30.490225,55.143028,15.01955,167.483743031208,114.692900221177,1.62280312568703,2041.93907231834,404.74237476732,1198.30554015947,1603.04791492679,2.72646946010051,150.754264616587,48.375480574456,20.7152632683144,26.663107516751,0.575462962962963,0.769444444444444,0.738683127572016,10.6163115596193,7.91834207625408,3.40000009536743,3.12244448877641,0,0,0,0,157.544236458509,119.965419471608,331.228620838759,462.134968802227,diethylaminedinitrate,8663.83692683874,6721.95846907217,0,6860.50326158159,-138.544792509426,1941.87845776658,1671.47235686719,268.487824273688,1.91827662570337,0,0,0,0,0,0,0,0,0,0,22,6,4,2,10,-25.7892591931353
2-4dinitrotoluene,2-4dinitrotoluene,,71,,8461,2-4dinitrotoluene,2,-0.0053,-0.108,-0.0911,0.5334035846,-0.3477021991,-0.3395243311,0.4791,-0.3393,-0.3306,2-4dinitrotoluene,-2666.794694,-12502.684569,47.710554,-11.265755,-2.206086,183.760273,6.105,1.529,5.911,-0.003,-27.407,6.449,11.3,-0.002,0.001,16.107,39.426,50.087,0.005,-20.183,0.022,-19.243,-6.631,-0.004,-43.457,-0.001,5.749,1.468,5.558,0.001,16.561343,182.134996175766,19,7,0,0,4,0,2.421,2.105,45.748608,2.450163,3.085284,3.325663,240,62,11.076923,4.481482,2.721088,9.428185,3.378393,1.922825,13,13,18,21,5,0,10.008071,6.019743,5.702304,4.097729,1.205118,0,6.75947,3.415545,2.485009,1.600234,0.357958,2.873141,0.689015,0.827299,0.776432,186.117294,1203.249146,104.675591,122.211433,455.512726,1201.674805,35.549362,180.168772266327,144.892200137477,1.25703796341661,1586.97951688764,328.716205177575,923.018706234762,1248.39341211627,2.68981183091408,215.90240723853,54.8487713080095,22.5134949062773,29.0039501833592,0.672682926829268,0.65410199556541,0.687272727272727,9.99870020556452,8.1547931811086,4.22070008595425,2.36896723338349,0,0,0,0,169.738737136028,149.439700847141,337.984912828318,505.91189150814,2-4dinitrotoluene,29.3759028766094,19.1433606946198,0,30.6871516477125,-11.5437909530926,10.2325421819896,8.25493639765868,1.95246657751286,2.51374645806825E-02,1.7422373799203E-06,0,0,0,0,0,0,0,0,0,19,4,2,7,6,-114.201007147069
"1,1-Dinitroethane","1,1-Dinitroethane",,135,,61150,"1,1-Dinitroethane",2,-0.0144,-0.086,-0.0803,0.469093313,-0.3041149999,-0.3042171995,0.4212,-0.2953,-0.2953,"1,1-Dinitroethane",-1999.857888,-7303.369645,12.975067,-12.462705,-1.736424,130.347071,4.95,0.003,-3.319,3.673,-10.046,-0.686,5.764,-1.365,-6.378,4.282,-3.511,-12.776,6.729,9.153,0.753,-5.642,2.39,-5.019,10.386,-1.71,4.671,0.001,-3.152,3.447,8.846923,120.063997745514,12,2,0,0,4,0,0.6779,0.5615,22.876301,2.165555,3.381151,3.97148,65,32,8,3.111111,2.8125,7.12,2.433208,2.130478,8,7,9,8,3,0,6.73205,3.553418,3.34715,2.103133,0.859117,0,4.104771,1.824045,1.202576,0.610199,0.201536,2.25,0.709796,0.75,0.75,75.058647,257.885986,48.504223,53.302967,143.638382,362.746887,23.01955,130.725820584819,92.0692915047285,1.30406127584188,466.092557001016,166.683928428585,283.736244691028,330.079510336514,1.87143793136578,98.5861173857332,29.2441302602491,23.8386468010036,26.0464564803635,0.65974025974026,0.649947753396029,0.668965517241379,6.85967820533214,6.46192598952106,5.67598413076137,1.20854428893761,0,0,0,0,118.827363617521,96.6681372515923,261.548089166291,363.34907403342,"1,1-Dinitroethane",26.4315846269095,2.57745694420293,0,4.92418180036723,-2.34672485616431,23.8541276827066,16.8342942623815,6.01485790141968,1.00491681366604,5.87052394303011E-05,0,0,0,0,0,0,0,0,0,12,4,2,2,4,-26.6524525260493
"2,2-Dinitropropane","2,2-Dinitropropane",,123,,136385,"2,2-Dinitropropane",2,-0.023,-0.076,-0.0936,0.470188734,-0.3104188867,-0.3104969461,0.4261,-0.302,-0.302,"2,2-Dinitropropane",-2155.540233,-8806.989919,9.643566,-12.281557,-1.572251,150.354979,5.613,0.025,-5.605,-0.295,-12.294,0.125,8.273,-2.038,0.303,4.021,-0.499,-10.338,-0.791,-1.363,10.545,1.862,20.207,2.476,-9.869,-1.686,5.144,0.023,-5.137,-0.271,10.638762,134.090997457504,15,3,0,0,4,0,1.4053,0.5006,27.879803,1.945749,3.941993,4.523494,84,40,9,2.722222,2,8.12,2.156618,1.509421,9,8,12,12,6,0,7.6547,3.886751,4.130768,2.976068,1.488034,0,5.02742,2.17751,2.008647,0.893596,0.721749,1.836592,0.552869,1.333333,0.57938,110.039101,364.078186,58.073944,64,176.920319,489.756866,28.338696,148.378981690579,108.684136873844,1.233767882917,543.585229996269,228.720800275423,345.671841238611,351.685478753638,2.00518755637832,87.7340732529043,29.4227013784216,28.9518356235276,30.6430014403559,0.660854402789887,0.702087286527514,0.627980922098569,7.25835668333446,6.13392483965026,6.72274355986095,1.18331359986933,0,0,0,0,132.884157988809,116.700652282341,280.11862815715,405.548321230603,"2,2-Dinitropropane",31.139306928157,5.65152304785434,0,8.25345358366879,-2.60193053581445,25.4877838803027,19.6115269267324,5.84306303848955,3.17446542398527E-02,1.44926084085251E-03,0,0,0,0,0,0,0,0,0,15,4,2,3,6,-59.6609776322631
"1,4-Dinitropiperazine","1,4-Dinitropiperazine",,107,,20124,"1,4-Dinitropiperazine",2,0.0823,-0.1071,-0.1046,0.5947041778,-0.3552307454,-0.3504222908,0.5711,-0.3462,-0.3413,"1,4-Dinitropiperazine",-2722.812717,-12992.416518,76.085195,-11.343808,-0.814802,175.444127,0.077,0.001,0.077,0.001,-34.28,0.001,16.95,3.365,0.002,17.33,0.016,-0.703,0.026,-0.009,8.104,-0.006,0.617,0.001,0.085,-0.027,0.055,0.001,0.055,0.001,14.60856,176.131997108459,20,4,0,0,4,0,0.0168,-0.598199,39.665615,2.505187,2.162489,2.464823,206,56,10.083333,4.296875,2.777778,8.813284,3.411015,2.099799,12,12,16,18,4,0,9.137827,5.60906,5.162893,3.702115,1,0,6.250274,3.395208,2.382996,1.694335,0.266667,2.251629,0.591389,1.333333,0.628076,160,985.192017,93.603226,110.039101,404.54599,983.815369,38.43856,174.302683712052,137.22686082363,1.28350962815386,1548.64814244897,185.707398880796,1002.71851356589,1165.49535119785,2.4040205112075,95.4771472014901,48.9849464075484,23.6008150429119,29.8229662154364,0.767106842737095,0.717647058823529,0.624489795918367,9.62959649051799,6.63130023529593,4.95926597353116,1.94173826165274,0,0,0,0,161.280258732085,143.632754249925,324.345681545234,484.894745830039,"1,4-Dinitropiperazine",76.7583578811344,23.4970956860122,0,31.4637567303911,-7.96666104437893,53.2612621951222,20.5469205819355,25.3545585346367,3.99822531622622,3.36155776232376,0,0,0,0,0,0,0,0,0,20,4,4,4,8,-72.6727693442208
"2,4-Dinitrophenol","2,4-Dinitrophenol",,52,"2,4-Dinitrophenol",1493,"2,4-Dinitrophenol",2,-0.0524,-0.0691,-0.0898,0.535260846,-0.3186957502,-0.3504479408,0.4825,-0.3093,-0.3414,"2,4-Dinitrophenol",-2831.538168,-12711.071289,10.834417,-11.057313,-2.163277,173.876038,6.656,-0.352,-6.646,-0.025,-34.891,6.594,19.177,-0.105,0.009,15.713,-10.231,-35.21,-0.202,-8.642,0.066,18.873,-17.384,0.061,52.594,0.141,6.544,-0.498,-6.525,-0.003,15.572353,184.106996059418,17,6,1,1,5,0,1.6694,1.3768,42.401508,2.421479,3.057909,3.33459,240,62,11.076923,4.481482,2.721088,9.388496,3.352957,1.904929,13,13,18,21,5,0,10.008071,6.019743,5.702304,4.097729,1.205118,0,6.206685,3.139151,2.187237,1.366512,0.278171,2.873141,0.689015,0.827299,0.776432,186.117294,1203.249146,104.675591,122.211433,455.512726,1201.674805,32.367455,171.882668915303,137.132613097909,1.34254712938322,1585.26007239102,330.37929717114,918.628725871705,1249.00771859953,2.58884989775204,188.464182207602,53.5803553485915,21.2015713845638,26.892638928609,0.657073170731707,0.764227642276423,0.791111111111111,9.99588478343193,8.15775415743709,3.40074990860589,2.93931781285548,0,0,0,0,162.477555722271,140.666263239559,327.526861725118,481.108424601028,"2,4-Dinitrophenol",36.1391917347477,25.8836373559055,0,26.184008915031,-0.300371559125536,10.2555543788423,9.19968906955212,1.0557506445955,1.03306631408622E-04,1.13580632297161E-05,0,0,0,0,0,0,0,0,0,17,5,2,6,4,-78.2153872922493
EDNA,EDNA,,139,Ethylenedinitramine,10462,EDNA,2,-0.0174,-0.072,-0.085,0.5848144812,-0.3467161971,-0.3473785906,0.5586,-0.3374,-0.3379,EDNA,-2440.049809,-9673.685545,52.995394,-11.916551,-0.937145,160.287852,2.766,0.024,0.003,2.766,-36.199,-3.317,14.563,0.139,0.003,21.636,-0.154,0.16,0.146,0.064,17.455,0.09,0.071,8.519,-0.232,-8.664,2.541,0.021,0.003,2.541,11.299715,150.093997716904,16,2,3,2,4,0,-0.2984,-0.8286,31.8412,3.997968,2.701705,3.16702,151,38,10,5.76,9.142858,8.720002,4.584825,7.894825,10,9,10,7,2,0,7.983127,4.625897,4.07215,1.812949,0.816497,0,4.941633,2.384617,1.330447,0.606806,0.074536,2.321928,0.671188,1,0.69897,86.43856,480.003387,68.007706,75.058647,292.127319,625.179932,30.490225,160.368401358221,115.316303794858,1.30158522930039,1734.93601112663,95.6046757018535,1194.69532464552,1254.41850670264,2.51415407489343,52.9332252604955,41.3100493777475,16.7750673361756,34.8912233168974,0.715824915824916,0.749158249158249,0.760330578512397,10.8751678393253,5.3065582392841,4.21966303309158,2.5772597844993,0,0,0,0,148.79270804439,119.563854975331,314.219307624135,444.275960652079,EDNA,47.6991970367262,5.31590117023947,0,12.2711632684968,-6.95526209825729,42.3832958664867,17.4530652647039,17.8030757995531,3.64549885991865,3.48165594231108,0,0,0,0,0,0,0,0,0,16,4,4,2,6,-31.9799597120026
Diethyleneglycol dinitrate,Diethyleneglycol dinitrate,,127,Diethyleneglycol dinitrate,61198,Diethyleneglycol dinitrate,2,-0.0052,-0.0302,-0.0599,0.6024287773,-0.2662651539,-0.3303595267,0.5855,-0.2581,-0.324,Diethyleneglycol dinitrate,-3270.552073,-14008.682757,-69.389783,-11.574378,-1.015467,208.170629,1.664,-0.005,-1.664,0,-40.494,0.016,12.523,-0.123,0,27.971,-0.037,-0.567,-0.002,0.016,3.231,0.021,-5.819,0.001,6.387,0.001,1.432,-0.005,-1.432,0,14.995535,196.114995956421,21,4,6,0,7,0,0.8368,-0.0379,38.985115,7.051282,2.625774,3.117974,344,50,13,8.591716,12,12,7.638889,11,13,12,13,10,2,0,10.104446,6.125897,5.132811,2.562948,0.816497,0,6.580592,3.250145,1.726033,0.848734,0.060858,2.192006,0.575729,1.508434,0.592364,122.211433,974.008545,99.622704,110.039101,567.353394,1184.344849,38.587181,205.183116807192,151.298325633957,1.29621392130202,4322.44758044151,109.047334272959,3006.98298379457,3103.1782255814,3.41689638594726,97.3080957023254,54.0348375239654,17.2105230864345,45.0614116866432,0.672779922779923,0.743506493506494,0.722358722358722,14.7119993636078,5.45920156691313,4.24013978819433,3.46969677852836,0,0,0,0,192.695736301279,154.941449502456,392.131613161531,570.418825773313,Diethyleneglycol dinitrate,59.7227619280776,4.3640236852799,0,21.0380498588688,-16.6740261735889,55.3587382427977,25.8455284921176,29.5078169430784,5.39178129848978E-03,1.02630311960006E-06,0,0,0,0,0,0,0,0,0,21,7,2,4,8,-40.7923930599254
"2,2-Dinitro-1-propanol","2,2-Dinitro-1-propanol",,122,"2,2-Dinitro-1-propanol",70194,"2,2-Dinitro-1-propanol",2,-0.0771,-0.0651,-0.0829,0.4719373755,-0.3146343846,-0.3042648265,0.4275,-0.3063,-0.2956,"2,2-Dinitro-1-propanol",-2476.025193,-10498.991883,-31.927864,-12.196106,-1.571564,159.749834,5.603,-1.866,4.879,2.029,-9.662,-9.693,3.846,4.235,-1.179,5.817,-6.782,3.397,-10.402,-7.425,22.133,14.207,0.173,-11.274,-3.569,21.676,5.215,-1.677,4.627,1.724,11.363463,150.089997053146,16,3,2,1,5,0,0.9191,0.0006,29.2579,2.520171,4.091754,4.699644,112,44,10,3.408284,1.991111,9.080001,2.775518,1.537322,10,9,13,15,6,0,8.361807,4.447411,4.168773,3.399666,1.270116,0,5.18174,2.347291,1.889328,1.086182,0.561474,2.446439,0.70718,0.875489,0.736452,122.211433,490.096985,68.007706,75.058647,222.689545,636.696838,30.125696,160.475259025696,117.493666005153,1.27743053865188,689.80776841943,311.338332867786,389.908963591286,476.313132267074,2.10963261818136,138.246615538992,33.677090472741,30.5170849436126,31.3594502237283,0.647368421052632,0.662337662337662,0.640350877192982,7.43592403707719,6.99597274112412,6.58590538123021,1.1290663328188,0,0,0,0,141.326315128915,124.643233911724,293.366242973672,430.169411495169,"2,2-Dinitro-1-propanol",59.5444358126977,32.2887571463263,0,9.41986241052495,22.8688947358013,27.2556786663714,20.9486966420045,6.2561238378277,0.049907224642481,9.50961896690528E-04,0,0,0,0,0,0,0,0,0,16,5,2,3,6,-42.6410828546675
Diazodinitrophenol,Diazodinitrophenol,,97,Diazodinitrophenol,5463880,Diazodinitrophenol,2,-0.031,-0.0691,-0.1039,0.5473640805,-0.301071317,-0.3714123064,0.4959,-0.2914,-0.3627,Diazodinitrophenol,-3214.943031,-15055.982586,100.755488,-10.203298,-2.947899,188.346381,9.099,1.283,-9.008,-0.006,-43.315,4.941,23.989,0.016,0.001,19.326,-36.348,-1.16,0.073,27.222,0.001,9.126,-60.388,-0.016,61.548,-0.057,9.27,1.636,-9.125,0.002,17.251071,210.104995965958,17,6,1,0,7,0,3.364199,0.6574,48.899208,2.766828,3.301616,3.613049,346,72,13.066667,5.365079,2.982249,10.798615,3.84331,1.968025,15,15,21,26,6,0,11.585423,6.968432,6.410817,4.922821,1.328533,0,6.984796,3.459942,2.427366,1.549732,0.329202,3.056565,0.685416,0.850326,0.782352,226.477325,1700.359375,127.464638,147.206711,612.413818,1698.663452,32.367455,187.051365490557,148.953830781444,1.41053771402656,1992.01104378747,718.095102433349,904.79922376326,1622.89426245516,2.66644076718606,232.419240300062,58.1352643020765,26.992773632501,26.5994950426385,0.588235294117647,0.791938997821351,0.793333333333333,9.85996196758163,10.0233600939305,3.40049742322218,2.9476158474582,0,0,0,0,176.897957167548,153.498960732738,352.786025096044,522.005164949741,Diazodinitrophenol,28.0362981864545,13.7617248020778,0,23.4240610396601,-9.66233623758232,14.2745733843767,12.2892190654907,1.98532759751412,2.14066034120552E-05,5.31476843423917E-06,0,0,0,0,0,0,0,0,0,17,5,4,6,2,-60.9219211620932
Methylenedinitramine,Methylenedinitramine,,143,26524,26524,Methylenedinitramine,2,0.1043,-0.0927,-0.1121,0.5799260658,-0.3232392938,-0.3363926722,0.5527,-0.3138,-0.3269,Methylenedinitramine,-2283.836913,-8474.902884,68.561663,-12.102377,-1.44571,140.288216,1.021,-0.012,-0.017,-1.021,-22.681,3.689,8.361,-0.008,0.01,14.32,0.13,-0.056,-14.76,-0.037,19.096,-0.093,0.019,2.038,0.038,12.722,1.211,-0.012,-0.018,-1.211,9.490635,136.066998004913,13,1,2,2,4,0,0.0691,-0.8463,26.650702,3.164474,2.68843,3.234058,108,34,9,4.839506,8,7.719999,3.689153,6.72,9,8,9,6,2,0,7.27602,4.125897,3.718597,1.562949,0.816497,0,4.234527,1.884617,1.007224,0.416313,0.074536,2.281036,0.68666,0.888889,0.719587,75.058647,357.352539,58.073944,64,221.70105,481.890656,24.105717,139.87975926854,98.5166415033468,1.38115749713505,1126.42574228411,94.5588741137445,787.143345529357,800.186806811697,2.21861244931116,44.6922039494092,33.8324096270213,18.0211323302216,32.4876933708181,0.7125,0.755,0.714409722222222,9.51135145197419,4.99235928004654,4.78111612267208,1.98935796745686,0,0,0,0,130.542507108984,104.193327241468,284.932857436228,392.973437878171,Methylenedinitramine,26.0891064427145,-23.8906973070251,0,9.00187101733316,-32.8925683243582,49.9798037497396,17.1267179119832,21.8838589569525,6.60981542964529,4.3594114511586,0,0,0,0,0,0,0,0,0,13,4,4,1,4,0
ethylnitrate,ethylnitrate,,123,,12259,ethylnitrate,1,0.0346,-0.0411,-0.0811,0.5977984996,-0.2747977439,-0.3400311441,0.5809,-0.2668,-0.3339,ethylnitrate,-1489.085977,-4836.539282,-23.055705,-12.08454,-0.708073,111.647984,3.597,3.585,-0.298,0,2.03,-0.574,-4.988,-0.002,0,2.959,17.261,-3.751,0,-0.651,-0.001,-16.61,4.031,0,-0.28,0,3.39,3.362,-0.433,0,7.301641,91.0659981966019,11,2,1,0,3,0,0.9322,0.486,19.703299,2.52194,2.434009,2.962346,32,20,6,3.2,5.333333,5.52,2.741239,4.916825,6,5,5,3,1,0,4.991563,2.770055,2.182522,0.866025,0.408248,0,3.379065,1.543504,0.641381,0.234509,0.030429,2.584962,1,0,1,33.21928,104.378075,30.686586,33.21928,80.659187,170.702255,19.68922,110.509108054136,76.8273908350549,1.18533243426315,367.195743240776,49.4233290848562,234.853899747349,277.909507159755,1.970759045338,51.2249224173236,27.8068531674848,15.5583678131631,23.7569372796096,0.672607879924953,0.732600732600733,0.693379790940767,8.16688121917839,5.06213418963777,4.19530009861065,1.94667390346712,0,0,0,0,105.201016887818,81.1774468087488,243.791123461648,324.104040984396,ethylnitrate,23.5258589671774,-2.95230793108466,0,8.973914682155,-11.9262226132397,26.4781668982621,12.7062824825225,13.7709642734247,9.19939772881292E-04,2.02541990512728E-07,0,0,0,0,0,0,0,0,0,11,3,1,2,5,-61.4938628126624
nitropentanol,nitropentanol,,151,,21545132,nitropentanol,1,-0.0467,-0.0886,-0.086,0.4358436272,-0.3274366828,-0.3596072552,0.3854,-0.3201,-0.3525,nitropentanol,-1957.653823,-8501.014847,-68.120846,-11.578682,-0.540282,176.035091,3.734,-1.756,-2.581,2.049,8.889,-8.405,-6.488,5.869,-2.779,-2.401,29.279,-14.966,10.697,-24.513,-14.291,-4.766,19.355,-5.824,-4.389,-4.874,3.673,-1.525,-2.628,2.065,12.605006,133.146997332573,20,5,4,1,3,1,1.483,1.4777,32.220802,4.168991,3.04374,3.3378,102,34,9,4.839506,4.5,8.520001,4.403862,4.051915,9,8,9,8,2,0,7.27602,4.180739,3.363529,2.15109,0.569036,0,5.409594,2.996902,1.908201,1.059229,0.124683,3.169925,1,0,1,75.058647,358.726105,58.073944,64,216.720596,483.68927,32.020287,175.761583092675,127.884032566717,1.0411541977542,959.626898053654,186.306285699373,622.483001175074,706.178918281376,2.60516903982756,137.227858673816,41.4861820657029,23.742283896414,38.0612983860287,0.653186274509804,0.675223214285714,0.678571428571429,10.0655998141387,6.30996221833632,5.57247809363868,1.80630585620949,0,0,0,0,158.433594919317,134.830201529554,324.627682958777,474.21786163902,nitropentanol,61.4390742538445,46.9560371955673,0,4.93922115147608,42.0168160440912,14.4830370582772,9.74883093368885,4.66014685540803,7.40544110593709E-02,4.85812090289528E-06,0,0,0,0,0,0,0,0,0,20,3,1,5,11,-150.20992137017
Nitroguanidine,Nitroguanidine,,104,Nitroguanidine,86287517,Nitroguanidine,1,0.0374,-0.0922,-0.0391,0.6369584007,-0.3638724415,-0.2795780714,0.6149,-0.3543,-0.2687,Nitroguanidine,-1646.472871,-5716.205209,68.55119,-10.071401,-0.512246,115.319066,6.568,-4.898,4.375,-0.001,4.652,-5.305,-2.997,-0.001,0.002,-1.655,-43.642,-11.858,-0.024,5.977,-0.011,37.665,22.547,0,-10.689,0.024,6.501,-4.883,4.291,-0.001,8.264888,104.068998813629,11,1,1,4,3,0,-0.2369,-0.6949,22.430197,1.736113,2.939692,3.435917,48,26,7,3.061224,6,5.83,2.084527,4.83,7,6,7,4,2,0,5.861807,3.125897,3.023396,0.942809,0.816497,0,3.34106,1.37743,0.782588,0.211738,0.109437,1.950212,0.650071,0.857143,0.69468,53.302967,171.149887,39.35146,43.01955,111.146782,256.289032,20.053747,113.839739346038,80.2344793196781,1.29706081096367,439.049982826733,82.2047555878286,261.080112877978,343.284780085751,2.01339981294976,70.9832466111352,33.5835414066579,14.3293370372676,20.7496996307799,0.697560975609756,0.712962962962963,0.749322493224932,8.14449414848936,5.91126186637424,3.40000009536743,2.39543938824778,0,0,0,0,107.845984655866,83.0953344353506,245.01473684599,327.89473231232,Nitroguanidine,-50.722601332346,-76.4352559859735,0,11.1884593410721,-87.6237153270456,25.7126546536275,11.3109463368744,14.4016710474315,3.35713679305621E-05,3.69795363019954E-06,0,0,0,0,0,0,0,0,0,11,2,4,1,4,-30.7488304536367
Urea nitrate ,Urea nitrate ,,92,Urea nitrate ,31295,Urea nitrate ,1,0.1106,-0.1361,-0.0852,1.0109166928,-0.518379291,-0.4409533477,1.0271,-0.5253,-0.4451,Urea nitrate ,-2018.577089,-8242.113038,1719.871373,-11.435259,1.341517,109.105447,1.255,-0.165,-1.244,0,1.529,-20.29,-10.553,0,0,9.024,19.92,-24.468,0,-26.113,0,6.193,35.252,0,-10.784,0,1.218,-0.053,-1.216,0,7.219053,123.067998051643,13,1,0,4,1,0,-1.3039,-1.0421,13.142601,0.580857,2.559594,2.877831,9,12,4,1.333333,0,3.27,0.710529,0,4,3,3,0,1,0,3.57735,1.732051,1.732051,0,0.57735,0,2.062949,0.781474,0.402369,0,0.068041,1.5,0.75,0.5,0.75,15.509775,23.264662,15.270944,15.509775,24.98045,56.052132,14,107.865756397125,74.575083828926,1.65025624823915,749.976428589591,51.7780045909579,502.525229534468,554.303234125426,2.05361655718374,45.6903534884416,30.826396481239,12.1262436164287,21.7959383021827,0.699463327370304,0.692307692307692,0.749354005167959,8.55479501658067,5.15167198012608,3.40000009536743,2.5161161107721,0,0,0,0,103.918452925985,76.6106542718402,243.682704429057,316.935617525688,Urea nitrate ,1031.70898575146,107.901833795032,0,255.419062152611,-147.517228357579,923.807151956431,915.610367505594,8.19678445083651,0,0,0,0,0,0,0,0,0,0,0,13,4,3,1,5,-6.50047138708063
Guanyl nitrourea,Guanyl nitrourea,,75,Guanyl nitrourea,141439,Guanyl nitrourea,1,0.0403,-0.0668,-0.0872,0.6150787338,-0.3012156731,-0.3496290972,0.5916,-0.2915,-0.3409,Guanyl nitrourea,-2315.665201,-9470.078539,38.109117,-10.342345,-0.405877,153.465203,8.573,7.211,4.298,1.739,9.426,9.558,-13.46,7.861,1.143,4.034,84.533,21.258,-6.254,-36.836,-1.556,-47.697,-19.635,-9.116,-1.623,15.37,8.678,7.258,4.431,1.727,11.578259,147.093998074532,15,2,2,5,4,0,-0.3385,-0.9149,30.794899,2.780457,3.484562,4.001966,135,40,10,4.760331,7,8.3,3.349948,5.3,10,9,11,8,3,0,8.146264,4.519744,4.36427,1.747547,1.105172,0,4.773872,2.067443,1.210735,0.417575,0.157447,2.646439,0.738206,0.675489,0.796658,98.107498,483.330811,68.007706,75.058647,270.941528,629.520996,28.62919,152.523180284829,110.638312339067,1.3295032702934,1043.14766038581,162.031086837419,698.49670658607,757.631387387748,2.50866744086226,129.419070036528,36.4619539847745,21.8580361171825,35.590847572598,0.608294930875576,0.626251390433815,0.653764954257565,9.66918789861715,6.19920133563119,5.6302372355706,1.71736775806343,0,0,0,0,142.312828581326,115.146932210969,302.81643791824,426.963165122968,Guanyl nitrourea,-99.6399435594595,-148.108759870391,0,16.3390427220275,-164.447802592419,48.4688163109317,14.8717188735363,23.5724525460962,10.0081045114229,1.65403798763393E-02,0,0,0,0,0,0,0,0,0,15,3,5,2,5,-38.0708939406386
Ethylene dinitramine,Ethylene dinitramine,,138,,6332290,Ethylene dinitramine,0,#N/A,#N/A,#N/A,#N/A,#N/A,#N/A,#N/A,#N/A,#N/A,Ethylene dinitramine,-2462.629269,-9901.424708,162.120376,-6.01218,-2.767497,175.205895,1.8,0.014,0.005,-1.8,-7.305,21.698,3.473,-0.018,-0.004,3.832,0.693,0.29,36.336,-0.062,-6.593,-0.632,-0.335,-12.709,0.045,-23.627,1.972,0.014,0.009,-1.972,20.287812,152.109997749329,18,2,7,4,4,0,1.696,-3.447999,25.043598,3.997968,2.701705,3.16702,151,38,10,5.76,9.142858,8.720002,4.584825,7.894825,10,9,10,7,2,0,7.983127,4.625897,4.07215,1.812949,0.816497,0,5.019564,2.419469,1.362101,0.619128,0.08165,2.321928,0.671188,1,0.69897,86.43856,480.003387,68.007706,75.058647,292.127319,625.179932,33.058651,175.044963676981,124.182313036676,1.22489261175546,1943.14718058487,110.964765484638,1334.39972502465,1408.14955174868,2.8854284834363,84.5885010263785,45.4812437700679,17.2448901508851,36.871700835957,0.748724489795918,0.751623376623377,0.782467532467532,11.1696224373454,5.43840818849083,4.21879431662962,2.64758639531609,0,0,0,0,160.686964906599,130.019299699209,334.079231327508,477.114673850864,Ethylene dinitramine,189.405301592496,159.015054313399,0,8.7203184023399,150.294735911059,30.3902472790974,14.4514456781671,8.56937082568625,3.83031121489298,3.53911956035114,0,0,0,0,0,0,0,0,0,18,4,4,2,8,-42.0748149016933
Cyanuric triazide,Cyanuric triazide,,145,Cyanuric triazide,21857,Cyanuric triazide,0,#N/A,#N/A,#N/A,#N/A,#N/A,#N/A,#N/A,#N/A,#N/A,Cyanuric triazide,-2856.122602,-13504.723754,374.757684,-10.671407,-1.656534,185.405111,3.954,0,0.002,-3.954,1.347,0.003,1.346,-0.001,-0.006,-2.693,-10.814,-4.379,-19.826,10.814,-0.015,0,4.388,-19.846,-0.009,39.672,3.662,0,0.001,-3.662,17.168628,204.116998672485,15,3,3,0,12,0,3.723,2.3178,48.893696,3.236145,3.07135,3.449049,390,66,13.066667,7.302469,4.571429,10.023752,4.842715,2.716736,15,15,18,21,3,0,11.096012,7.295556,5.671208,4.090771,0.612372,0,6.866563,3.212461,1.803739,1.002492,0.134164,2.321928,0.506422,1.584963,0.594316,186.117294,1693.890869,127.464638,147.206711,678.163635,1691.019287,10.828921,187.525677785301,140.430093763847,1.45351322641525,1882.42038757593,873.106233359383,873.157560184323,1420.84055964189,2.75645472904469,226.780108999289,42.9946236382002,38.1598160749909,34.2587256283216,0.519148936170213,0.750759878419453,0.706349206349206,8.88964368727116,9.3161791022398,5.45591239512965,1.70753824979963,0,0,0,0,178.784747927935,143.390095896369,373.149444725871,528.858636399468,Cyanuric triazide,22.5638783488068,-55.3511749064659,0,10.9632760875044,-66.3144509939703,77.9150532552726,23.3281304918484,24.5869093390331,30.0000134104745,1.39166855817052E-08,0,0,0,0,0,0,0,0,0,15,0,12,3,0,-47.0318496863832
Trinitrobenzoic acid,Trinitrobenzoic acid,,98,Trinitrobenzoic acid,8518,Trinitrobenzoic acid,3,0.0654,-0.1188,-0.0959,0.530419995,-0.3111253146,-0.31520377,0.4783,-0.3021,-0.3057,Trinitrobenzoic acid,-4109.94272,-21534.715932,-0.220731,-12.506227,-3.318164,219.587281,1.34,-0.503,-0.001,-1.242,-11.749,-0.012,-13.097,-9.226,-0.032,24.847,145.132,-0.1,-52.12,-81.638,0.012,-63.494,0.076,12.307,0.024,39.813,1.377,-0.476,-0.001,-1.292,19.706875,257.113994479179,21,7,2,1,8,0,1.6058,1.143,54.790504,3.628312,3.492548,3.851936,550,88,16.055555,6.43787,3.75,13.594392,4.804159,2.630388,18,18,26,32,8,0,14.033015,8.251794,8.112612,5.563824,1.883276,0,8.301292,4.098698,2.935504,1.899561,0.423582,2.614369,0.562974,1.555556,0.626958,296.422852,2625.621338,163.055695,186.117294,911.826599,2624.679688,39.077408,218.089671179323,177.924874672599,1.44507053863209,2677.4167579655,916.695767925186,1314.11888470337,2145.06897832413,2.87948382487174,171.710723509773,64.4187683546845,31.5218769978228,33.7633282256552,0.609692933777285,0.59041394335512,0.605870020964361,10.5016076568785,10.0611000229901,5.30652235466369,1.9789999843587,0,0,0,0,202.101975284831,184.66451720374,385.462938065549,596.313649180156,Trinitrobenzoic acid,-0.42449426423228,-29.754175315783,0,44.0147253472245,-73.7689006630075,29.3296810515507,13.4113680324774,5.91812087193908,10.0001604791433,3.16679909517781E-05,0,0,0,0,0,0,0,0,0,21,8,3,7,3,-46.6719052936333
"2,4,6-Trinitro-m-xylene","2,4,6-Trinitro-m-xylene",,88,"2,4,6-Trinitroxylene",69442,"2,4,6-Trinitro-m-xylene",3,0.0664,-0.1253,-0.1253,0.5379813374,-0.3385153631,-0.3385476011,0.4853,-0.3297,-0.3298,"2,4,6-Trinitro-m-xylene",-3651.286797,-19816.154439,95.270047,-11.612331,-2.712474,213.398796,1.441,0.003,1.44,0.05,-9.291,-0.014,-18.974,0.001,0.358,28.265,-0.044,129.537,5.243,0,0.037,0.045,-110.693,-0.542,-18.844,-4.701,1.299,0,1.287,0.18,20.82484,241.15899503231,24,8,0,0,6,0,2.8418,2.4856,58.114498,3.364477,3.517517,3.833241,466,84,15.058824,5.76,3.0625,12.967113,4.41086,2.201741,17,17,25,32,8,0,13.325908,7.768631,7.591046,5.591678,1.768177,0,8.868481,4.343616,3.284755,2.328237,0.546805,2.60985,0.576946,1.477613,0.638501,282.19281,2293.140137,151.019653,172.97374,785.497192,2292.445801,46.122952,212.651886908941,180.202937144041,1.33826339822389,2435.83404381584,937.592032835489,1054.6773792412,1985.41287763844,2.91902055308261,154.372411837703,65.6877584873253,26.2876445826536,30.5362969848745,0.713554987212276,0.682806324110672,0.721033868092692,10.0630998405508,9.14798017894335,4.20851543692601,2.39112817604421,0,0,0,0,199.75501555665,185.204170330049,377.9985707634,591.422642840695,"2,4,6-Trinitro-m-xylene",131.09119180293,98.9654060065984,0,130.741864637442,-31.776458630844,32.1257857963321,13.0888124934719,18.4461102013695,0.590859482148704,3.61934202741665E-06,0,0,0,0,0,0,0,0,0,24,6,3,8,7,-89.567465634471
Trinitrophenol,Trinitrophenol,,106,Trinitrophenol (Picric acid),6954,Trinitrophenol,3,-0.0081,-0.1096,-0.0773,0.5417671098,-0.3604577757,-0.302892121,0.4883,-0.355,-0.2933,Trinitrophenol,-3661.503948,-17917.886093,35.06696,-11.83407,-3.067325,195.934077,1.598,0.337,1.068,-1.14,-15.695,4.237,-15.131,-3.269,-1.184,30.826,104.418,13.996,-14.045,-88.454,-4.75,-15.964,-9.294,2.301,-4.702,11.744,1.585,0.399,1.325,-0.774,18.007319,229.103995203972,19,6,1,1,7,0,1.623001,1.2712,49.726204,3.100134,3.304189,3.65946,408,78,14.0625,5.557656,3.25,11.93215,4.157017,2.284242,16,16,23,28,7,0,12.455664,7.341111,7.150361,5.15594,1.631282,0,7.393044,3.644573,2.603958,1.658655,0.37134,2.655639,0.595511,1.344361,0.66391,254.083847,1983.933105,139.152496,160,699.612305,1982.592896,36.039589,194.516084961228,158.7957539942,1.44275894941335,2267.91997429053,873.24898861215,977.765168721488,1850.64110202623,2.74123822134744,148.377019524382,61.5750468545123,27.0623476360009,25.1682611576127,0.65915727993325,0.789760348583878,0.796690307328605,9.28014189160374,10.066096314715,3.40415292505123,2.95700473402309,0,0,0,0,183.581863407824,162.640452516231,358.867674496693,542.694185993542,Trinitrophenol,92.4488654855587,75.9170313388389,0,92.0964351422508,-16.1794038034119,16.5318341467198,13.0152025962241,1.25266106110724,2.26396705715648,3.4322319995006E-06,0,0,0,0,0,0,0,0,0,19,7,3,6,3,-45.394232391019
Styphnic acid,Styphnic acid,,108,"2,4,6-Trinitroresorcinol",6721,Styphnic acid,3,0.0049,-0.0681,-0.1241,0.5474347094,-0.2797043752,-0.3766139103,0.4955,-0.2696,-0.371,Styphnic acid,-3981.932633,-20322.573004,-5.206735,-11.713848,-2.953702,199.327937,1.965,0.905,-0.188,-1.734,-14.853,4.989,-15.498,-0.936,3.355,30.351,32.029,-96.789,-23.151,-25.905,-6.006,-6.124,82.728,-1.777,14.061,24.928,2.121,1.28,-0.374,-1.649,18.874296,245.102994799614,20,6,2,2,8,0,1.338601,1.0292,51.4203,3.306525,3.465156,3.850317,466,84,15.058824,5.76,3.0625,12.887477,4.36167,2.171339,17,17,25,32,8,0,13.325908,7.768631,7.591046,5.591678,1.768177,0,7.762908,3.79083,2.731968,1.783251,0.408608,2.60985,0.576946,1.477613,0.638501,282.19281,2293.140137,151.019653,172.97374,785.497192,2292.445801,37.41901,198.614777304219,165.088321208566,1.4846779772505,2423.7519131411,929.161844097351,1049.16980161328,1977.49192951868,2.78081938466039,156.045525762353,63.5271097243373,24.8193147874318,27.0986892580159,0.685022945348352,0.790780141843972,0.790849673202614,10.0620656241712,9.21651708762912,3.40539269411596,2.95474458542097,0,0,0,0,187.35758362451,169.892491520426,361.888494132654,553.681884266141,Styphnic acid,171.778539582334,150.735118116956,0,157.523916947934,-6.78879883097778,21.0434214653775,14.5553689085897,1.38202019125514,5.10602403250311,8.3330295121975E-06,0,0,0,0,0,0,0,0,0,20,8,3,6,3,-35.903274079513
